file,label
c:\Users\DELL\Desktop\sentinel-ai\sentinel-ai\experiments\dataset\images\multiple_faces\multiple_faces_0.jpg,multiple_faces
c:\Users\DELL\Desktop\sentinel-ai\sentinel-ai\experiments\dataset\images\no_face\no_face_1.jpg,no_face
c:\Users\DELL\Desktop\sentinel-ai\sentinel-ai\experiments\dataset\images\phone_usage\phone_usage_2.jpg,phone_usage
c:\Users\DELL\Desktop\sentinel-ai\sentinel-ai\experiments\dataset\images\normal\normal_3.jpg,normal
c:\Users\DELL\Desktop\sentinel-ai\sentinel-ai\experiments\dataset\images\obstruction\obstruction_4.jpg,obstruction
c:\Users\DELL\Desktop\sentinel-ai\sentinel-ai\experiments\dataset\images\audio_cheating\audio_cheating_5.jpg,audio_cheating
c:\Users\DELL\Desktop\sentinel-ai\sentinel-ai\experiments\dataset\images\tab_switch\tab_switch_6.jpg,tab_switch
c:\Users\DELL\Desktop\sentinel-ai\sentinel-ai\experiments\dataset\images\multiple_faces\multiple_faces_7.jpg,multiple_faces
c:\Users\DELL\Desktop\sentinel-ai\sentinel-ai\experiments\dataset\images\tab_switch\tab_switch_8.jpg,tab_switch
c:\Users\DELL\Desktop\sentinel-ai\sentinel-ai\experiments\dataset\images\multiple_faces\multiple_faces_9.jpg,multiple_faces
c:\Users\DELL\Desktop\sentinel-ai\sentinel-ai\experiments\dataset\images\audio_cheating\audio_cheating_10.jpg,audio_cheating
c:\Users\DELL\Desktop\sentinel-ai\sentinel-ai\experiments\dataset\images\impersonation\impersonation_11.jpg,impersonation
c:\Users\DELL\Desktop\sentinel-ai\sentinel-ai\experiments\dataset\images\looking_away\looking_away_12.jpg,looking_away
c:\Users\DELL\Desktop\sentinel-ai\sentinel-ai\experiments\dataset\images\impersonation\impersonation_13.jpg,impersonation
c:\Users\DELL\Desktop\sentinel-ai\sentinel-ai\experiments\dataset\images\looking_away\looking_away_14.jpg,looking_away
c:\Users\DELL\Desktop\sentinel-ai\sentinel-ai\experiments\dataset\images\multiple_faces\multiple_faces_15.jpg,multiple_faces
c:\Users\DELL\Desktop\sentinel-ai\sentinel-ai\experiments\dataset\images\audio_cheating\audio_cheating_16.jpg,audio_cheating
c:\Users\DELL\Desktop\sentinel-ai\sentinel-ai\experiments\dataset\images\tab_switch\tab_switch_17.jpg,tab_switch
c:\Users\DELL\Desktop\sentinel-ai\sentinel-ai\experiments\dataset\images\phone_usage\phone_usage_18.jpg,phone_usage
c:\Users\DELL\Desktop\sentinel-ai\sentinel-ai\experiments\dataset\images\looking_away\looking_away_19.jpg,looking_away
c:\Users\DELL\Desktop\sentinel-ai\sentinel-ai\experiments\dataset\images\obstruction\obstruction_20.jpg,obstruction
c:\Users\DELL\Desktop\sentinel-ai\sentinel-ai\experiments\dataset\images\multiple_faces\multiple_faces_21.jpg,multiple_faces
c:\Users\DELL\Desktop\sentinel-ai\sentinel-ai\experiments\dataset\images\phone_usage\phone_usage_22.jpg,phone_usage
c:\Users\DELL\Desktop\sentinel-ai\sentinel-ai\experiments\dataset\images\looking_away\looking_away_23.jpg,looking_away
c:\Users\DELL\Desktop\sentinel-ai\sentinel-ai\experiments\dataset\images\phone_usage\phone_usage_24.jpg,phone_usage
c:\Users\DELL\Desktop\sentinel-ai\sentinel-ai\experiments\dataset\images\tab_switch\tab_switch_25.jpg,tab_switch
c:\Users\DELL\Desktop\sentinel-ai\sentinel-ai\experiments\dataset\images\looking_away\looking_away_26.jpg,looking_away
c:\Users\DELL\Desktop\sentinel-ai\sentinel-ai\experiments\dataset\images\multiple_faces\multiple_faces_27.jpg,multiple_faces
c:\Users\DELL\Desktop\sentinel-ai\sentinel-ai\experiments\dataset\images\phone_usage\phone_usage_28.jpg,phone_usage
c:\Users\DELL\Desktop\sentinel-ai\sentinel-ai\experiments\dataset\images\normal\normal_29.jpg,normal
c:\Users\DELL\Desktop\sentinel-ai\sentinel-ai\experiments\dataset\images\book_usage\book_usage_30.jpg,book_usage
c:\Users\DELL\Desktop\sentinel-ai\sentinel-ai\experiments\dataset\images\phone_usage\phone_usage_31.jpg,phone_usage
c:\Users\DELL\Desktop\sentinel-ai\sentinel-ai\experiments\dataset\images\impersonation\impersonation_32.jpg,impersonation
c:\Users\DELL\Desktop\sentinel-ai\sentinel-ai\experiments\dataset\images\impersonation\impersonation_33.jpg,impersonation
c:\Users\DELL\Desktop\sentinel-ai\sentinel-ai\experiments\dataset\images\multiple_faces\multiple_faces_34.jpg,multiple_faces
c:\Users\DELL\Desktop\sentinel-ai\sentinel-ai\experiments\dataset\images\phone_usage\phone_usage_35.jpg,phone_usage
c:\Users\DELL\Desktop\sentinel-ai\sentinel-ai\experiments\dataset\images\normal\normal_36.jpg,normal
c:\Users\DELL\Desktop\sentinel-ai\sentinel-ai\experiments\dataset\images\normal\normal_37.jpg,normal
c:\Users\DELL\Desktop\sentinel-ai\sentinel-ai\experiments\dataset\images\tab_switch\tab_switch_38.jpg,tab_switch
c:\Users\DELL\Desktop\sentinel-ai\sentinel-ai\experiments\dataset\images\normal\normal_39.jpg,normal
c:\Users\DELL\Desktop\sentinel-ai\sentinel-ai\experiments\dataset\images\looking_away\looking_away_40.jpg,looking_away
c:\Users\DELL\Desktop\sentinel-ai\sentinel-ai\experiments\dataset\images\audio_cheating\audio_cheating_41.jpg,audio_cheating
c:\Users\DELL\Desktop\sentinel-ai\sentinel-ai\experiments\dataset\images\audio_cheating\audio_cheating_42.jpg,audio_cheating
c:\Users\DELL\Desktop\sentinel-ai\sentinel-ai\experiments\dataset\images\obstruction\obstruction_43.jpg,obstruction
c:\Users\DELL\Desktop\sentinel-ai\sentinel-ai\experiments\dataset\images\normal\normal_44.jpg,normal
c:\Users\DELL\Desktop\sentinel-ai\sentinel-ai\experiments\dataset\images\impersonation\impersonation_45.jpg,impersonation
c:\Users\DELL\Desktop\sentinel-ai\sentinel-ai\experiments\dataset\images\impersonation\impersonation_46.jpg,impersonation
c:\Users\DELL\Desktop\sentinel-ai\sentinel-ai\experiments\dataset\images\obstruction\obstruction_47.jpg,obstruction
c:\Users\DELL\Desktop\sentinel-ai\sentinel-ai\experiments\dataset\images\normal\normal_48.jpg,normal
c:\Users\DELL\Desktop\sentinel-ai\sentinel-ai\experiments\dataset\images\tab_switch\tab_switch_49.jpg,tab_switch
c:\Users\DELL\Desktop\sentinel-ai\sentinel-ai\experiments\dataset\images\looking_away\looking_away_50.jpg,looking_away
c:\Users\DELL\Desktop\sentinel-ai\sentinel-ai\experiments\dataset\images\multiple_faces\multiple_faces_51.jpg,multiple_faces
c:\Users\DELL\Desktop\sentinel-ai\sentinel-ai\experiments\dataset\images\audio_cheating\audio_cheating_52.jpg,audio_cheating
c:\Users\DELL\Desktop\sentinel-ai\sentinel-ai\experiments\dataset\images\phone_usage\phone_usage_53.jpg,phone_usage
c:\Users\DELL\Desktop\sentinel-ai\sentinel-ai\experiments\dataset\images\audio_cheating\audio_cheating_54.jpg,audio_cheating
c:\Users\DELL\Desktop\sentinel-ai\sentinel-ai\experiments\dataset\images\looking_away\looking_away_55.jpg,looking_away
c:\Users\DELL\Desktop\sentinel-ai\sentinel-ai\experiments\dataset\images\multiple_faces\multiple_faces_56.jpg,multiple_faces
c:\Users\DELL\Desktop\sentinel-ai\sentinel-ai\experiments\dataset\images\audio_cheating\audio_cheating_57.jpg,audio_cheating
c:\Users\DELL\Desktop\sentinel-ai\sentinel-ai\experiments\dataset\images\normal\normal_58.jpg,normal
c:\Users\DELL\Desktop\sentinel-ai\sentinel-ai\experiments\dataset\images\phone_usage\phone_usage_59.jpg,phone_usage
c:\Users\DELL\Desktop\sentinel-ai\sentinel-ai\experiments\dataset\images\multiple_faces\multiple_faces_60.jpg,multiple_faces
c:\Users\DELL\Desktop\sentinel-ai\sentinel-ai\experiments\dataset\images\tab_switch\tab_switch_61.jpg,tab_switch
c:\Users\DELL\Desktop\sentinel-ai\sentinel-ai\experiments\dataset\images\looking_away\looking_away_62.jpg,looking_away
c:\Users\DELL\Desktop\sentinel-ai\sentinel-ai\experiments\dataset\images\multiple_faces\multiple_faces_63.jpg,multiple_faces
c:\Users\DELL\Desktop\sentinel-ai\sentinel-ai\experiments\dataset\images\tab_switch\tab_switch_64.jpg,tab_switch
c:\Users\DELL\Desktop\sentinel-ai\sentinel-ai\experiments\dataset\images\looking_away\looking_away_65.jpg,looking_away
c:\Users\DELL\Desktop\sentinel-ai\sentinel-ai\experiments\dataset\images\obstruction\obstruction_66.jpg,obstruction
c:\Users\DELL\Desktop\sentinel-ai\sentinel-ai\experiments\dataset\images\obstruction\obstruction_67.jpg,obstruction
c:\Users\DELL\Desktop\sentinel-ai\sentinel-ai\experiments\dataset\images\tab_switch\tab_switch_68.jpg,tab_switch
c:\Users\DELL\Desktop\sentinel-ai\sentinel-ai\experiments\dataset\images\impersonation\impersonation_69.jpg,impersonation
c:\Users\DELL\Desktop\sentinel-ai\sentinel-ai\experiments\dataset\images\phone_usage\phone_usage_70.jpg,phone_usage
c:\Users\DELL\Desktop\sentinel-ai\sentinel-ai\experiments\dataset\images\normal\normal_71.jpg,normal
c:\Users\DELL\Desktop\sentinel-ai\sentinel-ai\experiments\dataset\images\obstruction\obstruction_72.jpg,obstruction
c:\Users\DELL\Desktop\sentinel-ai\sentinel-ai\experiments\dataset\images\obstruction\obstruction_73.jpg,obstruction
c:\Users\DELL\Desktop\sentinel-ai\sentinel-ai\experiments\dataset\images\tab_switch\tab_switch_74.jpg,tab_switch
c:\Users\DELL\Desktop\sentinel-ai\sentinel-ai\experiments\dataset\images\audio_cheating\audio_cheating_75.jpg,audio_cheating
c:\Users\DELL\Desktop\sentinel-ai\sentinel-ai\experiments\dataset\images\impersonation\impersonation_76.jpg,impersonation
c:\Users\DELL\Desktop\sentinel-ai\sentinel-ai\experiments\dataset\images\tab_switch\tab_switch_77.jpg,tab_switch
c:\Users\DELL\Desktop\sentinel-ai\sentinel-ai\experiments\dataset\images\phone_usage\phone_usage_78.jpg,phone_usage
c:\Users\DELL\Desktop\sentinel-ai\sentinel-ai\experiments\dataset\images\book_usage\book_usage_79.jpg,book_usage
c:\Users\DELL\Desktop\sentinel-ai\sentinel-ai\experiments\dataset\images\tab_switch\tab_switch_80.jpg,tab_switch
c:\Users\DELL\Desktop\sentinel-ai\sentinel-ai\experiments\dataset\images\impersonation\impersonation_81.jpg,impersonation
c:\Users\DELL\Desktop\sentinel-ai\sentinel-ai\experiments\dataset\images\normal\normal_82.jpg,normal
c:\Users\DELL\Desktop\sentinel-ai\sentinel-ai\experiments\dataset\images\multiple_faces\multiple_faces_83.jpg,multiple_faces
c:\Users\DELL\Desktop\sentinel-ai\sentinel-ai\experiments\dataset\images\obstruction\obstruction_84.jpg,obstruction
c:\Users\DELL\Desktop\sentinel-ai\sentinel-ai\experiments\dataset\images\audio_cheating\audio_cheating_85.jpg,audio_cheating
c:\Users\DELL\Desktop\sentinel-ai\sentinel-ai\experiments\dataset\images\phone_usage\phone_usage_86.jpg,phone_usage
c:\Users\DELL\Desktop\sentinel-ai\sentinel-ai\experiments\dataset\images\multiple_faces\multiple_faces_87.jpg,multiple_faces
c:\Users\DELL\Desktop\sentinel-ai\sentinel-ai\experiments\dataset\images\normal\normal_88.jpg,normal
c:\Users\DELL\Desktop\sentinel-ai\sentinel-ai\experiments\dataset\images\normal\normal_89.jpg,normal
c:\Users\DELL\Desktop\sentinel-ai\sentinel-ai\experiments\dataset\images\looking_away\looking_away_90.jpg,looking_away
c:\Users\DELL\Desktop\sentinel-ai\sentinel-ai\experiments\dataset\images\looking_away\looking_away_91.jpg,looking_away
c:\Users\DELL\Desktop\sentinel-ai\sentinel-ai\experiments\dataset\images\tab_switch\tab_switch_92.jpg,tab_switch
c:\Users\DELL\Desktop\sentinel-ai\sentinel-ai\experiments\dataset\images\impersonation\impersonation_93.jpg,impersonation
c:\Users\DELL\Desktop\sentinel-ai\sentinel-ai\experiments\dataset\images\no_face\no_face_94.jpg,no_face
c:\Users\DELL\Desktop\sentinel-ai\sentinel-ai\experiments\dataset\images\audio_cheating\audio_cheating_95.jpg,audio_cheating
c:\Users\DELL\Desktop\sentinel-ai\sentinel-ai\experiments\dataset\images\audio_cheating\audio_cheating_96.jpg,audio_cheating
c:\Users\DELL\Desktop\sentinel-ai\sentinel-ai\experiments\dataset\images\audio_cheating\audio_cheating_97.jpg,audio_cheating
c:\Users\DELL\Desktop\sentinel-ai\sentinel-ai\experiments\dataset\images\looking_away\looking_away_98.jpg,looking_away
c:\Users\DELL\Desktop\sentinel-ai\sentinel-ai\experiments\dataset\images\book_usage\book_usage_99.jpg,book_usage
c:\Users\DELL\Desktop\sentinel-ai\sentinel-ai\experiments\dataset\images\phone_usage\phone_usage_100.jpg,phone_usage
c:\Users\DELL\Desktop\sentinel-ai\sentinel-ai\experiments\dataset\images\tab_switch\tab_switch_101.jpg,tab_switch
c:\Users\DELL\Desktop\sentinel-ai\sentinel-ai\experiments\dataset\images\audio_cheating\audio_cheating_102.jpg,audio_cheating
c:\Users\DELL\Desktop\sentinel-ai\sentinel-ai\experiments\dataset\images\phone_usage\phone_usage_103.jpg,phone_usage
c:\Users\DELL\Desktop\sentinel-ai\sentinel-ai\experiments\dataset\images\phone_usage\phone_usage_104.jpg,phone_usage
c:\Users\DELL\Desktop\sentinel-ai\sentinel-ai\experiments\dataset\images\tab_switch\tab_switch_105.jpg,tab_switch
c:\Users\DELL\Desktop\sentinel-ai\sentinel-ai\experiments\dataset\images\multiple_faces\multiple_faces_106.jpg,multiple_faces
c:\Users\DELL\Desktop\sentinel-ai\sentinel-ai\experiments\dataset\images\book_usage\book_usage_107.jpg,book_usage
c:\Users\DELL\Desktop\sentinel-ai\sentinel-ai\experiments\dataset\images\no_face\no_face_108.jpg,no_face
c:\Users\DELL\Desktop\sentinel-ai\sentinel-ai\experiments\dataset\images\no_face\no_face_109.jpg,no_face
c:\Users\DELL\Desktop\sentinel-ai\sentinel-ai\experiments\dataset\images\no_face\no_face_110.jpg,no_face
c:\Users\DELL\Desktop\sentinel-ai\sentinel-ai\experiments\dataset\images\book_usage\book_usage_111.jpg,book_usage
c:\Users\DELL\Desktop\sentinel-ai\sentinel-ai\experiments\dataset\images\phone_usage\phone_usage_112.jpg,phone_usage
c:\Users\DELL\Desktop\sentinel-ai\sentinel-ai\experiments\dataset\images\book_usage\book_usage_113.jpg,book_usage
c:\Users\DELL\Desktop\sentinel-ai\sentinel-ai\experiments\dataset\images\normal\normal_114.jpg,normal
c:\Users\DELL\Desktop\sentinel-ai\sentinel-ai\experiments\dataset\images\impersonation\impersonation_115.jpg,impersonation
c:\Users\DELL\Desktop\sentinel-ai\sentinel-ai\experiments\dataset\images\impersonation\impersonation_116.jpg,impersonation
c:\Users\DELL\Desktop\sentinel-ai\sentinel-ai\experiments\dataset\images\phone_usage\phone_usage_117.jpg,phone_usage
c:\Users\DELL\Desktop\sentinel-ai\sentinel-ai\experiments\dataset\images\no_face\no_face_118.jpg,no_face
c:\Users\DELL\Desktop\sentinel-ai\sentinel-ai\experiments\dataset\images\no_face\no_face_119.jpg,no_face
c:\Users\DELL\Desktop\sentinel-ai\sentinel-ai\experiments\dataset\images\phone_usage\phone_usage_120.jpg,phone_usage
c:\Users\DELL\Desktop\sentinel-ai\sentinel-ai\experiments\dataset\images\phone_usage\phone_usage_121.jpg,phone_usage
c:\Users\DELL\Desktop\sentinel-ai\sentinel-ai\experiments\dataset\images\multiple_faces\multiple_faces_122.jpg,multiple_faces
c:\Users\DELL\Desktop\sentinel-ai\sentinel-ai\experiments\dataset\images\looking_away\looking_away_123.jpg,looking_away
c:\Users\DELL\Desktop\sentinel-ai\sentinel-ai\experiments\dataset\images\normal\normal_124.jpg,normal
c:\Users\DELL\Desktop\sentinel-ai\sentinel-ai\experiments\dataset\images\phone_usage\phone_usage_125.jpg,phone_usage
c:\Users\DELL\Desktop\sentinel-ai\sentinel-ai\experiments\dataset\images\audio_cheating\audio_cheating_126.jpg,audio_cheating
c:\Users\DELL\Desktop\sentinel-ai\sentinel-ai\experiments\dataset\images\phone_usage\phone_usage_127.jpg,phone_usage
c:\Users\DELL\Desktop\sentinel-ai\sentinel-ai\experiments\dataset\images\no_face\no_face_128.jpg,no_face
c:\Users\DELL\Desktop\sentinel-ai\sentinel-ai\experiments\dataset\images\phone_usage\phone_usage_129.jpg,phone_usage
c:\Users\DELL\Desktop\sentinel-ai\sentinel-ai\experiments\dataset\images\tab_switch\tab_switch_130.jpg,tab_switch
c:\Users\DELL\Desktop\sentinel-ai\sentinel-ai\experiments\dataset\images\phone_usage\phone_usage_131.jpg,phone_usage
c:\Users\DELL\Desktop\sentinel-ai\sentinel-ai\experiments\dataset\images\multiple_faces\multiple_faces_132.jpg,multiple_faces
c:\Users\DELL\Desktop\sentinel-ai\sentinel-ai\experiments\dataset\images\tab_switch\tab_switch_133.jpg,tab_switch
c:\Users\DELL\Desktop\sentinel-ai\sentinel-ai\experiments\dataset\images\multiple_faces\multiple_faces_134.jpg,multiple_faces
c:\Users\DELL\Desktop\sentinel-ai\sentinel-ai\experiments\dataset\images\audio_cheating\audio_cheating_135.jpg,audio_cheating
c:\Users\DELL\Desktop\sentinel-ai\sentinel-ai\experiments\dataset\images\tab_switch\tab_switch_136.jpg,tab_switch
c:\Users\DELL\Desktop\sentinel-ai\sentinel-ai\experiments\dataset\images\multiple_faces\multiple_faces_137.jpg,multiple_faces
c:\Users\DELL\Desktop\sentinel-ai\sentinel-ai\experiments\dataset\images\multiple_faces\multiple_faces_138.jpg,multiple_faces
c:\Users\DELL\Desktop\sentinel-ai\sentinel-ai\experiments\dataset\images\multiple_faces\multiple_faces_139.jpg,multiple_faces
c:\Users\DELL\Desktop\sentinel-ai\sentinel-ai\experiments\dataset\images\book_usage\book_usage_140.jpg,book_usage
c:\Users\DELL\Desktop\sentinel-ai\sentinel-ai\experiments\dataset\images\no_face\no_face_141.jpg,no_face
c:\Users\DELL\Desktop\sentinel-ai\sentinel-ai\experiments\dataset\images\obstruction\obstruction_142.jpg,obstruction
c:\Users\DELL\Desktop\sentinel-ai\sentinel-ai\experiments\dataset\images\no_face\no_face_143.jpg,no_face
c:\Users\DELL\Desktop\sentinel-ai\sentinel-ai\experiments\dataset\images\no_face\no_face_144.jpg,no_face
c:\Users\DELL\Desktop\sentinel-ai\sentinel-ai\experiments\dataset\images\phone_usage\phone_usage_145.jpg,phone_usage
c:\Users\DELL\Desktop\sentinel-ai\sentinel-ai\experiments\dataset\images\impersonation\impersonation_146.jpg,impersonation
c:\Users\DELL\Desktop\sentinel-ai\sentinel-ai\experiments\dataset\images\phone_usage\phone_usage_147.jpg,phone_usage
c:\Users\DELL\Desktop\sentinel-ai\sentinel-ai\experiments\dataset\images\no_face\no_face_148.jpg,no_face
c:\Users\DELL\Desktop\sentinel-ai\sentinel-ai\experiments\dataset\images\obstruction\obstruction_149.jpg,obstruction
c:\Users\DELL\Desktop\sentinel-ai\sentinel-ai\experiments\dataset\images\tab_switch\tab_switch_150.jpg,tab_switch
c:\Users\DELL\Desktop\sentinel-ai\sentinel-ai\experiments\dataset\images\phone_usage\phone_usage_151.jpg,phone_usage
c:\Users\DELL\Desktop\sentinel-ai\sentinel-ai\experiments\dataset\images\no_face\no_face_152.jpg,no_face
c:\Users\DELL\Desktop\sentinel-ai\sentinel-ai\experiments\dataset\images\multiple_faces\multiple_faces_153.jpg,multiple_faces
c:\Users\DELL\Desktop\sentinel-ai\sentinel-ai\experiments\dataset\images\obstruction\obstruction_154.jpg,obstruction
c:\Users\DELL\Desktop\sentinel-ai\sentinel-ai\experiments\dataset\images\audio_cheating\audio_cheating_155.jpg,audio_cheating
c:\Users\DELL\Desktop\sentinel-ai\sentinel-ai\experiments\dataset\images\normal\normal_156.jpg,normal
c:\Users\DELL\Desktop\sentinel-ai\sentinel-ai\experiments\dataset\images\impersonation\impersonation_157.jpg,impersonation
c:\Users\DELL\Desktop\sentinel-ai\sentinel-ai\experiments\dataset\images\audio_cheating\audio_cheating_158.jpg,audio_cheating
c:\Users\DELL\Desktop\sentinel-ai\sentinel-ai\experiments\dataset\images\no_face\no_face_159.jpg,no_face
c:\Users\DELL\Desktop\sentinel-ai\sentinel-ai\experiments\dataset\images\phone_usage\phone_usage_160.jpg,phone_usage
c:\Users\DELL\Desktop\sentinel-ai\sentinel-ai\experiments\dataset\images\audio_cheating\audio_cheating_161.jpg,audio_cheating
c:\Users\DELL\Desktop\sentinel-ai\sentinel-ai\experiments\dataset\images\multiple_faces\multiple_faces_162.jpg,multiple_faces
c:\Users\DELL\Desktop\sentinel-ai\sentinel-ai\experiments\dataset\images\obstruction\obstruction_163.jpg,obstruction
c:\Users\DELL\Desktop\sentinel-ai\sentinel-ai\experiments\dataset\images\looking_away\looking_away_164.jpg,looking_away
c:\Users\DELL\Desktop\sentinel-ai\sentinel-ai\experiments\dataset\images\looking_away\looking_away_165.jpg,looking_away
c:\Users\DELL\Desktop\sentinel-ai\sentinel-ai\experiments\dataset\images\multiple_faces\multiple_faces_166.jpg,multiple_faces
c:\Users\DELL\Desktop\sentinel-ai\sentinel-ai\experiments\dataset\images\book_usage\book_usage_167.jpg,book_usage
c:\Users\DELL\Desktop\sentinel-ai\sentinel-ai\experiments\dataset\images\multiple_faces\multiple_faces_168.jpg,multiple_faces
c:\Users\DELL\Desktop\sentinel-ai\sentinel-ai\experiments\dataset\images\impersonation\impersonation_169.jpg,impersonation
c:\Users\DELL\Desktop\sentinel-ai\sentinel-ai\experiments\dataset\images\tab_switch\tab_switch_170.jpg,tab_switch
c:\Users\DELL\Desktop\sentinel-ai\sentinel-ai\experiments\dataset\images\impersonation\impersonation_171.jpg,impersonation
c:\Users\DELL\Desktop\sentinel-ai\sentinel-ai\experiments\dataset\images\no_face\no_face_172.jpg,no_face
c:\Users\DELL\Desktop\sentinel-ai\sentinel-ai\experiments\dataset\images\book_usage\book_usage_173.jpg,book_usage
c:\Users\DELL\Desktop\sentinel-ai\sentinel-ai\experiments\dataset\images\normal\normal_174.jpg,normal
c:\Users\DELL\Desktop\sentinel-ai\sentinel-ai\experiments\dataset\images\obstruction\obstruction_175.jpg,obstruction
c:\Users\DELL\Desktop\sentinel-ai\sentinel-ai\experiments\dataset\images\tab_switch\tab_switch_176.jpg,tab_switch
c:\Users\DELL\Desktop\sentinel-ai\sentinel-ai\experiments\dataset\images\impersonation\impersonation_177.jpg,impersonation
c:\Users\DELL\Desktop\sentinel-ai\sentinel-ai\experiments\dataset\images\looking_away\looking_away_178.jpg,looking_away
c:\Users\DELL\Desktop\sentinel-ai\sentinel-ai\experiments\dataset\images\obstruction\obstruction_179.jpg,obstruction
c:\Users\DELL\Desktop\sentinel-ai\sentinel-ai\experiments\dataset\images\impersonation\impersonation_180.jpg,impersonation
c:\Users\DELL\Desktop\sentinel-ai\sentinel-ai\experiments\dataset\images\obstruction\obstruction_181.jpg,obstruction
c:\Users\DELL\Desktop\sentinel-ai\sentinel-ai\experiments\dataset\images\looking_away\looking_away_182.jpg,looking_away
c:\Users\DELL\Desktop\sentinel-ai\sentinel-ai\experiments\dataset\images\normal\normal_183.jpg,normal
c:\Users\DELL\Desktop\sentinel-ai\sentinel-ai\experiments\dataset\images\book_usage\book_usage_184.jpg,book_usage
c:\Users\DELL\Desktop\sentinel-ai\sentinel-ai\experiments\dataset\images\normal\normal_185.jpg,normal
c:\Users\DELL\Desktop\sentinel-ai\sentinel-ai\experiments\dataset\images\no_face\no_face_186.jpg,no_face
c:\Users\DELL\Desktop\sentinel-ai\sentinel-ai\experiments\dataset\images\audio_cheating\audio_cheating_187.jpg,audio_cheating
c:\Users\DELL\Desktop\sentinel-ai\sentinel-ai\experiments\dataset\images\normal\normal_188.jpg,normal
c:\Users\DELL\Desktop\sentinel-ai\sentinel-ai\experiments\dataset\images\multiple_faces\multiple_faces_189.jpg,multiple_faces
c:\Users\DELL\Desktop\sentinel-ai\sentinel-ai\experiments\dataset\images\no_face\no_face_190.jpg,no_face
c:\Users\DELL\Desktop\sentinel-ai\sentinel-ai\experiments\dataset\images\tab_switch\tab_switch_191.jpg,tab_switch
c:\Users\DELL\Desktop\sentinel-ai\sentinel-ai\experiments\dataset\images\normal\normal_192.jpg,normal
c:\Users\DELL\Desktop\sentinel-ai\sentinel-ai\experiments\dataset\images\normal\normal_193.jpg,normal
c:\Users\DELL\Desktop\sentinel-ai\sentinel-ai\experiments\dataset\images\phone_usage\phone_usage_194.jpg,phone_usage
c:\Users\DELL\Desktop\sentinel-ai\sentinel-ai\experiments\dataset\images\tab_switch\tab_switch_195.jpg,tab_switch
c:\Users\DELL\Desktop\sentinel-ai\sentinel-ai\experiments\dataset\images\impersonation\impersonation_196.jpg,impersonation
c:\Users\DELL\Desktop\sentinel-ai\sentinel-ai\experiments\dataset\images\multiple_faces\multiple_faces_197.jpg,multiple_faces
c:\Users\DELL\Desktop\sentinel-ai\sentinel-ai\experiments\dataset\images\looking_away\looking_away_198.jpg,looking_away
c:\Users\DELL\Desktop\sentinel-ai\sentinel-ai\experiments\dataset\images\looking_away\looking_away_199.jpg,looking_away
c:\Users\DELL\Desktop\sentinel-ai\sentinel-ai\experiments\dataset\images\impersonation\impersonation_200.jpg,impersonation
c:\Users\DELL\Desktop\sentinel-ai\sentinel-ai\experiments\dataset\images\tab_switch\tab_switch_201.jpg,tab_switch
c:\Users\DELL\Desktop\sentinel-ai\sentinel-ai\experiments\dataset\images\audio_cheating\audio_cheating_202.jpg,audio_cheating
c:\Users\DELL\Desktop\sentinel-ai\sentinel-ai\experiments\dataset\images\impersonation\impersonation_203.jpg,impersonation
c:\Users\DELL\Desktop\sentinel-ai\sentinel-ai\experiments\dataset\images\tab_switch\tab_switch_204.jpg,tab_switch
c:\Users\DELL\Desktop\sentinel-ai\sentinel-ai\experiments\dataset\images\multiple_faces\multiple_faces_205.jpg,multiple_faces
c:\Users\DELL\Desktop\sentinel-ai\sentinel-ai\experiments\dataset\images\tab_switch\tab_switch_206.jpg,tab_switch
c:\Users\DELL\Desktop\sentinel-ai\sentinel-ai\experiments\dataset\images\looking_away\looking_away_207.jpg,looking_away
c:\Users\DELL\Desktop\sentinel-ai\sentinel-ai\experiments\dataset\images\looking_away\looking_away_208.jpg,looking_away
c:\Users\DELL\Desktop\sentinel-ai\sentinel-ai\experiments\dataset\images\audio_cheating\audio_cheating_209.jpg,audio_cheating
c:\Users\DELL\Desktop\sentinel-ai\sentinel-ai\experiments\dataset\images\book_usage\book_usage_210.jpg,book_usage
c:\Users\DELL\Desktop\sentinel-ai\sentinel-ai\experiments\dataset\images\no_face\no_face_211.jpg,no_face
c:\Users\DELL\Desktop\sentinel-ai\sentinel-ai\experiments\dataset\images\no_face\no_face_212.jpg,no_face
c:\Users\DELL\Desktop\sentinel-ai\sentinel-ai\experiments\dataset\images\normal\normal_213.jpg,normal
c:\Users\DELL\Desktop\sentinel-ai\sentinel-ai\experiments\dataset\images\audio_cheating\audio_cheating_214.jpg,audio_cheating
c:\Users\DELL\Desktop\sentinel-ai\sentinel-ai\experiments\dataset\images\normal\normal_215.jpg,normal
c:\Users\DELL\Desktop\sentinel-ai\sentinel-ai\experiments\dataset\images\book_usage\book_usage_216.jpg,book_usage
c:\Users\DELL\Desktop\sentinel-ai\sentinel-ai\experiments\dataset\images\phone_usage\phone_usage_217.jpg,phone_usage
c:\Users\DELL\Desktop\sentinel-ai\sentinel-ai\experiments\dataset\images\looking_away\looking_away_218.jpg,looking_away
c:\Users\DELL\Desktop\sentinel-ai\sentinel-ai\experiments\dataset\images\obstruction\obstruction_219.jpg,obstruction
c:\Users\DELL\Desktop\sentinel-ai\sentinel-ai\experiments\dataset\images\tab_switch\tab_switch_220.jpg,tab_switch
c:\Users\DELL\Desktop\sentinel-ai\sentinel-ai\experiments\dataset\images\no_face\no_face_221.jpg,no_face
c:\Users\DELL\Desktop\sentinel-ai\sentinel-ai\experiments\dataset\images\looking_away\looking_away_222.jpg,looking_away
c:\Users\DELL\Desktop\sentinel-ai\sentinel-ai\experiments\dataset\images\obstruction\obstruction_223.jpg,obstruction
c:\Users\DELL\Desktop\sentinel-ai\sentinel-ai\experiments\dataset\images\obstruction\obstruction_224.jpg,obstruction
c:\Users\DELL\Desktop\sentinel-ai\sentinel-ai\experiments\dataset\images\no_face\no_face_225.jpg,no_face
c:\Users\DELL\Desktop\sentinel-ai\sentinel-ai\experiments\dataset\images\tab_switch\tab_switch_226.jpg,tab_switch
c:\Users\DELL\Desktop\sentinel-ai\sentinel-ai\experiments\dataset\images\multiple_faces\multiple_faces_227.jpg,multiple_faces
c:\Users\DELL\Desktop\sentinel-ai\sentinel-ai\experiments\dataset\images\multiple_faces\multiple_faces_228.jpg,multiple_faces
c:\Users\DELL\Desktop\sentinel-ai\sentinel-ai\experiments\dataset\images\normal\normal_229.jpg,normal
c:\Users\DELL\Desktop\sentinel-ai\sentinel-ai\experiments\dataset\images\obstruction\obstruction_230.jpg,obstruction
c:\Users\DELL\Desktop\sentinel-ai\sentinel-ai\experiments\dataset\images\phone_usage\phone_usage_231.jpg,phone_usage
c:\Users\DELL\Desktop\sentinel-ai\sentinel-ai\experiments\dataset\images\tab_switch\tab_switch_232.jpg,tab_switch
c:\Users\DELL\Desktop\sentinel-ai\sentinel-ai\experiments\dataset\images\normal\normal_233.jpg,normal
c:\Users\DELL\Desktop\sentinel-ai\sentinel-ai\experiments\dataset\images\multiple_faces\multiple_faces_234.jpg,multiple_faces
c:\Users\DELL\Desktop\sentinel-ai\sentinel-ai\experiments\dataset\images\looking_away\looking_away_235.jpg,looking_away
c:\Users\DELL\Desktop\sentinel-ai\sentinel-ai\experiments\dataset\images\book_usage\book_usage_236.jpg,book_usage
c:\Users\DELL\Desktop\sentinel-ai\sentinel-ai\experiments\dataset\images\normal\normal_237.jpg,normal
c:\Users\DELL\Desktop\sentinel-ai\sentinel-ai\experiments\dataset\images\looking_away\looking_away_238.jpg,looking_away
c:\Users\DELL\Desktop\sentinel-ai\sentinel-ai\experiments\dataset\images\phone_usage\phone_usage_239.jpg,phone_usage
c:\Users\DELL\Desktop\sentinel-ai\sentinel-ai\experiments\dataset\images\tab_switch\tab_switch_240.jpg,tab_switch
c:\Users\DELL\Desktop\sentinel-ai\sentinel-ai\experiments\dataset\images\looking_away\looking_away_241.jpg,looking_away
c:\Users\DELL\Desktop\sentinel-ai\sentinel-ai\experiments\dataset\images\audio_cheating\audio_cheating_242.jpg,audio_cheating
c:\Users\DELL\Desktop\sentinel-ai\sentinel-ai\experiments\dataset\images\normal\normal_243.jpg,normal
c:\Users\DELL\Desktop\sentinel-ai\sentinel-ai\experiments\dataset\images\multiple_faces\multiple_faces_244.jpg,multiple_faces
c:\Users\DELL\Desktop\sentinel-ai\sentinel-ai\experiments\dataset\images\obstruction\obstruction_245.jpg,obstruction
c:\Users\DELL\Desktop\sentinel-ai\sentinel-ai\experiments\dataset\images\multiple_faces\multiple_faces_246.jpg,multiple_faces
c:\Users\DELL\Desktop\sentinel-ai\sentinel-ai\experiments\dataset\images\tab_switch\tab_switch_247.jpg,tab_switch
c:\Users\DELL\Desktop\sentinel-ai\sentinel-ai\experiments\dataset\images\no_face\no_face_248.jpg,no_face
c:\Users\DELL\Desktop\sentinel-ai\sentinel-ai\experiments\dataset\images\phone_usage\phone_usage_249.jpg,phone_usage
c:\Users\DELL\Desktop\sentinel-ai\sentinel-ai\experiments\dataset\images\book_usage\book_usage_250.jpg,book_usage
c:\Users\DELL\Desktop\sentinel-ai\sentinel-ai\experiments\dataset\images\no_face\no_face_251.jpg,no_face
c:\Users\DELL\Desktop\sentinel-ai\sentinel-ai\experiments\dataset\images\impersonation\impersonation_252.jpg,impersonation
c:\Users\DELL\Desktop\sentinel-ai\sentinel-ai\experiments\dataset\images\audio_cheating\audio_cheating_253.jpg,audio_cheating
c:\Users\DELL\Desktop\sentinel-ai\sentinel-ai\experiments\dataset\images\multiple_faces\multiple_faces_254.jpg,multiple_faces
c:\Users\DELL\Desktop\sentinel-ai\sentinel-ai\experiments\dataset\images\phone_usage\phone_usage_255.jpg,phone_usage
c:\Users\DELL\Desktop\sentinel-ai\sentinel-ai\experiments\dataset\images\multiple_faces\multiple_faces_256.jpg,multiple_faces
c:\Users\DELL\Desktop\sentinel-ai\sentinel-ai\experiments\dataset\images\audio_cheating\audio_cheating_257.jpg,audio_cheating
c:\Users\DELL\Desktop\sentinel-ai\sentinel-ai\experiments\dataset\images\audio_cheating\audio_cheating_258.jpg,audio_cheating
c:\Users\DELL\Desktop\sentinel-ai\sentinel-ai\experiments\dataset\images\audio_cheating\audio_cheating_259.jpg,audio_cheating
c:\Users\DELL\Desktop\sentinel-ai\sentinel-ai\experiments\dataset\images\multiple_faces\multiple_faces_260.jpg,multiple_faces
c:\Users\DELL\Desktop\sentinel-ai\sentinel-ai\experiments\dataset\images\looking_away\looking_away_261.jpg,looking_away
c:\Users\DELL\Desktop\sentinel-ai\sentinel-ai\experiments\dataset\images\audio_cheating\audio_cheating_262.jpg,audio_cheating
c:\Users\DELL\Desktop\sentinel-ai\sentinel-ai\experiments\dataset\images\book_usage\book_usage_263.jpg,book_usage
c:\Users\DELL\Desktop\sentinel-ai\sentinel-ai\experiments\dataset\images\looking_away\looking_away_264.jpg,looking_away
c:\Users\DELL\Desktop\sentinel-ai\sentinel-ai\experiments\dataset\images\audio_cheating\audio_cheating_265.jpg,audio_cheating
c:\Users\DELL\Desktop\sentinel-ai\sentinel-ai\experiments\dataset\images\no_face\no_face_266.jpg,no_face
c:\Users\DELL\Desktop\sentinel-ai\sentinel-ai\experiments\dataset\images\multiple_faces\multiple_faces_267.jpg,multiple_faces
c:\Users\DELL\Desktop\sentinel-ai\sentinel-ai\experiments\dataset\images\audio_cheating\audio_cheating_268.jpg,audio_cheating
c:\Users\DELL\Desktop\sentinel-ai\sentinel-ai\experiments\dataset\images\impersonation\impersonation_269.jpg,impersonation
c:\Users\DELL\Desktop\sentinel-ai\sentinel-ai\experiments\dataset\images\multiple_faces\multiple_faces_270.jpg,multiple_faces
c:\Users\DELL\Desktop\sentinel-ai\sentinel-ai\experiments\dataset\images\normal\normal_271.jpg,normal
c:\Users\DELL\Desktop\sentinel-ai\sentinel-ai\experiments\dataset\images\tab_switch\tab_switch_272.jpg,tab_switch
c:\Users\DELL\Desktop\sentinel-ai\sentinel-ai\experiments\dataset\images\audio_cheating\audio_cheating_273.jpg,audio_cheating
c:\Users\DELL\Desktop\sentinel-ai\sentinel-ai\experiments\dataset\images\book_usage\book_usage_274.jpg,book_usage
c:\Users\DELL\Desktop\sentinel-ai\sentinel-ai\experiments\dataset\images\normal\normal_275.jpg,normal
c:\Users\DELL\Desktop\sentinel-ai\sentinel-ai\experiments\dataset\images\obstruction\obstruction_276.jpg,obstruction
c:\Users\DELL\Desktop\sentinel-ai\sentinel-ai\experiments\dataset\images\no_face\no_face_277.jpg,no_face
c:\Users\DELL\Desktop\sentinel-ai\sentinel-ai\experiments\dataset\images\book_usage\book_usage_278.jpg,book_usage
c:\Users\DELL\Desktop\sentinel-ai\sentinel-ai\experiments\dataset\images\multiple_faces\multiple_faces_279.jpg,multiple_faces
c:\Users\DELL\Desktop\sentinel-ai\sentinel-ai\experiments\dataset\images\audio_cheating\audio_cheating_280.jpg,audio_cheating
c:\Users\DELL\Desktop\sentinel-ai\sentinel-ai\experiments\dataset\images\tab_switch\tab_switch_281.jpg,tab_switch
c:\Users\DELL\Desktop\sentinel-ai\sentinel-ai\experiments\dataset\images\book_usage\book_usage_282.jpg,book_usage
c:\Users\DELL\Desktop\sentinel-ai\sentinel-ai\experiments\dataset\images\obstruction\obstruction_283.jpg,obstruction
c:\Users\DELL\Desktop\sentinel-ai\sentinel-ai\experiments\dataset\images\looking_away\looking_away_284.jpg,looking_away
c:\Users\DELL\Desktop\sentinel-ai\sentinel-ai\experiments\dataset\images\normal\normal_285.jpg,normal
c:\Users\DELL\Desktop\sentinel-ai\sentinel-ai\experiments\dataset\images\looking_away\looking_away_286.jpg,looking_away
c:\Users\DELL\Desktop\sentinel-ai\sentinel-ai\experiments\dataset\images\book_usage\book_usage_287.jpg,book_usage
c:\Users\DELL\Desktop\sentinel-ai\sentinel-ai\experiments\dataset\images\normal\normal_288.jpg,normal
c:\Users\DELL\Desktop\sentinel-ai\sentinel-ai\experiments\dataset\images\tab_switch\tab_switch_289.jpg,tab_switch
c:\Users\DELL\Desktop\sentinel-ai\sentinel-ai\experiments\dataset\images\tab_switch\tab_switch_290.jpg,tab_switch
c:\Users\DELL\Desktop\sentinel-ai\sentinel-ai\experiments\dataset\images\tab_switch\tab_switch_291.jpg,tab_switch
c:\Users\DELL\Desktop\sentinel-ai\sentinel-ai\experiments\dataset\images\book_usage\book_usage_292.jpg,book_usage
c:\Users\DELL\Desktop\sentinel-ai\sentinel-ai\experiments\dataset\images\normal\normal_293.jpg,normal
c:\Users\DELL\Desktop\sentinel-ai\sentinel-ai\experiments\dataset\images\looking_away\looking_away_294.jpg,looking_away
c:\Users\DELL\Desktop\sentinel-ai\sentinel-ai\experiments\dataset\images\audio_cheating\audio_cheating_295.jpg,audio_cheating
c:\Users\DELL\Desktop\sentinel-ai\sentinel-ai\experiments\dataset\images\no_face\no_face_296.jpg,no_face
c:\Users\DELL\Desktop\sentinel-ai\sentinel-ai\experiments\dataset\images\obstruction\obstruction_297.jpg,obstruction
c:\Users\DELL\Desktop\sentinel-ai\sentinel-ai\experiments\dataset\images\book_usage\book_usage_298.jpg,book_usage
c:\Users\DELL\Desktop\sentinel-ai\sentinel-ai\experiments\dataset\images\obstruction\obstruction_299.jpg,obstruction
c:\Users\DELL\Desktop\sentinel-ai\sentinel-ai\experiments\dataset\images\normal\normal_300.jpg,normal
c:\Users\DELL\Desktop\sentinel-ai\sentinel-ai\experiments\dataset\images\multiple_faces\multiple_faces_301.jpg,multiple_faces
c:\Users\DELL\Desktop\sentinel-ai\sentinel-ai\experiments\dataset\images\looking_away\looking_away_302.jpg,looking_away
c:\Users\DELL\Desktop\sentinel-ai\sentinel-ai\experiments\dataset\images\obstruction\obstruction_303.jpg,obstruction
c:\Users\DELL\Desktop\sentinel-ai\sentinel-ai\experiments\dataset\images\looking_away\looking_away_304.jpg,looking_away
c:\Users\DELL\Desktop\sentinel-ai\sentinel-ai\experiments\dataset\images\normal\normal_305.jpg,normal
c:\Users\DELL\Desktop\sentinel-ai\sentinel-ai\experiments\dataset\images\book_usage\book_usage_306.jpg,book_usage
c:\Users\DELL\Desktop\sentinel-ai\sentinel-ai\experiments\dataset\images\multiple_faces\multiple_faces_307.jpg,multiple_faces
c:\Users\DELL\Desktop\sentinel-ai\sentinel-ai\experiments\dataset\images\impersonation\impersonation_308.jpg,impersonation
c:\Users\DELL\Desktop\sentinel-ai\sentinel-ai\experiments\dataset\images\no_face\no_face_309.jpg,no_face
c:\Users\DELL\Desktop\sentinel-ai\sentinel-ai\experiments\dataset\images\no_face\no_face_310.jpg,no_face
c:\Users\DELL\Desktop\sentinel-ai\sentinel-ai\experiments\dataset\images\tab_switch\tab_switch_311.jpg,tab_switch
c:\Users\DELL\Desktop\sentinel-ai\sentinel-ai\experiments\dataset\images\looking_away\looking_away_312.jpg,looking_away
c:\Users\DELL\Desktop\sentinel-ai\sentinel-ai\experiments\dataset\images\book_usage\book_usage_313.jpg,book_usage
c:\Users\DELL\Desktop\sentinel-ai\sentinel-ai\experiments\dataset\images\tab_switch\tab_switch_314.jpg,tab_switch
c:\Users\DELL\Desktop\sentinel-ai\sentinel-ai\experiments\dataset\images\looking_away\looking_away_315.jpg,looking_away
c:\Users\DELL\Desktop\sentinel-ai\sentinel-ai\experiments\dataset\images\normal\normal_316.jpg,normal
c:\Users\DELL\Desktop\sentinel-ai\sentinel-ai\experiments\dataset\images\tab_switch\tab_switch_317.jpg,tab_switch
c:\Users\DELL\Desktop\sentinel-ai\sentinel-ai\experiments\dataset\images\obstruction\obstruction_318.jpg,obstruction
c:\Users\DELL\Desktop\sentinel-ai\sentinel-ai\experiments\dataset\images\book_usage\book_usage_319.jpg,book_usage
c:\Users\DELL\Desktop\sentinel-ai\sentinel-ai\experiments\dataset\images\tab_switch\tab_switch_320.jpg,tab_switch
c:\Users\DELL\Desktop\sentinel-ai\sentinel-ai\experiments\dataset\images\normal\normal_321.jpg,normal
c:\Users\DELL\Desktop\sentinel-ai\sentinel-ai\experiments\dataset\images\phone_usage\phone_usage_322.jpg,phone_usage
c:\Users\DELL\Desktop\sentinel-ai\sentinel-ai\experiments\dataset\images\multiple_faces\multiple_faces_323.jpg,multiple_faces
c:\Users\DELL\Desktop\sentinel-ai\sentinel-ai\experiments\dataset\images\audio_cheating\audio_cheating_324.jpg,audio_cheating
c:\Users\DELL\Desktop\sentinel-ai\sentinel-ai\experiments\dataset\images\obstruction\obstruction_325.jpg,obstruction
c:\Users\DELL\Desktop\sentinel-ai\sentinel-ai\experiments\dataset\images\audio_cheating\audio_cheating_326.jpg,audio_cheating
c:\Users\DELL\Desktop\sentinel-ai\sentinel-ai\experiments\dataset\images\impersonation\impersonation_327.jpg,impersonation
c:\Users\DELL\Desktop\sentinel-ai\sentinel-ai\experiments\dataset\images\phone_usage\phone_usage_328.jpg,phone_usage
c:\Users\DELL\Desktop\sentinel-ai\sentinel-ai\experiments\dataset\images\obstruction\obstruction_329.jpg,obstruction
c:\Users\DELL\Desktop\sentinel-ai\sentinel-ai\experiments\dataset\images\book_usage\book_usage_330.jpg,book_usage
c:\Users\DELL\Desktop\sentinel-ai\sentinel-ai\experiments\dataset\images\no_face\no_face_331.jpg,no_face
c:\Users\DELL\Desktop\sentinel-ai\sentinel-ai\experiments\dataset\images\tab_switch\tab_switch_332.jpg,tab_switch
c:\Users\DELL\Desktop\sentinel-ai\sentinel-ai\experiments\dataset\images\normal\normal_333.jpg,normal
c:\Users\DELL\Desktop\sentinel-ai\sentinel-ai\experiments\dataset\images\no_face\no_face_334.jpg,no_face
c:\Users\DELL\Desktop\sentinel-ai\sentinel-ai\experiments\dataset\images\obstruction\obstruction_335.jpg,obstruction
c:\Users\DELL\Desktop\sentinel-ai\sentinel-ai\experiments\dataset\images\phone_usage\phone_usage_336.jpg,phone_usage
c:\Users\DELL\Desktop\sentinel-ai\sentinel-ai\experiments\dataset\images\obstruction\obstruction_337.jpg,obstruction
c:\Users\DELL\Desktop\sentinel-ai\sentinel-ai\experiments\dataset\images\obstruction\obstruction_338.jpg,obstruction
c:\Users\DELL\Desktop\sentinel-ai\sentinel-ai\experiments\dataset\images\tab_switch\tab_switch_339.jpg,tab_switch
c:\Users\DELL\Desktop\sentinel-ai\sentinel-ai\experiments\dataset\images\tab_switch\tab_switch_340.jpg,tab_switch
c:\Users\DELL\Desktop\sentinel-ai\sentinel-ai\experiments\dataset\images\looking_away\looking_away_341.jpg,looking_away
c:\Users\DELL\Desktop\sentinel-ai\sentinel-ai\experiments\dataset\images\obstruction\obstruction_342.jpg,obstruction
c:\Users\DELL\Desktop\sentinel-ai\sentinel-ai\experiments\dataset\images\audio_cheating\audio_cheating_343.jpg,audio_cheating
c:\Users\DELL\Desktop\sentinel-ai\sentinel-ai\experiments\dataset\images\impersonation\impersonation_344.jpg,impersonation
c:\Users\DELL\Desktop\sentinel-ai\sentinel-ai\experiments\dataset\images\obstruction\obstruction_345.jpg,obstruction
c:\Users\DELL\Desktop\sentinel-ai\sentinel-ai\experiments\dataset\images\impersonation\impersonation_346.jpg,impersonation
c:\Users\DELL\Desktop\sentinel-ai\sentinel-ai\experiments\dataset\images\no_face\no_face_347.jpg,no_face
c:\Users\DELL\Desktop\sentinel-ai\sentinel-ai\experiments\dataset\images\multiple_faces\multiple_faces_348.jpg,multiple_faces
c:\Users\DELL\Desktop\sentinel-ai\sentinel-ai\experiments\dataset\images\looking_away\looking_away_349.jpg,looking_away
c:\Users\DELL\Desktop\sentinel-ai\sentinel-ai\experiments\dataset\images\book_usage\book_usage_350.jpg,book_usage
c:\Users\DELL\Desktop\sentinel-ai\sentinel-ai\experiments\dataset\images\obstruction\obstruction_351.jpg,obstruction
c:\Users\DELL\Desktop\sentinel-ai\sentinel-ai\experiments\dataset\images\impersonation\impersonation_352.jpg,impersonation
c:\Users\DELL\Desktop\sentinel-ai\sentinel-ai\experiments\dataset\images\no_face\no_face_353.jpg,no_face
c:\Users\DELL\Desktop\sentinel-ai\sentinel-ai\experiments\dataset\images\audio_cheating\audio_cheating_354.jpg,audio_cheating
c:\Users\DELL\Desktop\sentinel-ai\sentinel-ai\experiments\dataset\images\tab_switch\tab_switch_355.jpg,tab_switch
c:\Users\DELL\Desktop\sentinel-ai\sentinel-ai\experiments\dataset\images\multiple_faces\multiple_faces_356.jpg,multiple_faces
c:\Users\DELL\Desktop\sentinel-ai\sentinel-ai\experiments\dataset\images\no_face\no_face_357.jpg,no_face
c:\Users\DELL\Desktop\sentinel-ai\sentinel-ai\experiments\dataset\images\normal\normal_358.jpg,normal
c:\Users\DELL\Desktop\sentinel-ai\sentinel-ai\experiments\dataset\images\audio_cheating\audio_cheating_359.jpg,audio_cheating
c:\Users\DELL\Desktop\sentinel-ai\sentinel-ai\experiments\dataset\images\audio_cheating\audio_cheating_360.jpg,audio_cheating
c:\Users\DELL\Desktop\sentinel-ai\sentinel-ai\experiments\dataset\images\tab_switch\tab_switch_361.jpg,tab_switch
c:\Users\DELL\Desktop\sentinel-ai\sentinel-ai\experiments\dataset\images\looking_away\looking_away_362.jpg,looking_away
c:\Users\DELL\Desktop\sentinel-ai\sentinel-ai\experiments\dataset\images\multiple_faces\multiple_faces_363.jpg,multiple_faces
c:\Users\DELL\Desktop\sentinel-ai\sentinel-ai\experiments\dataset\images\book_usage\book_usage_364.jpg,book_usage
c:\Users\DELL\Desktop\sentinel-ai\sentinel-ai\experiments\dataset\images\audio_cheating\audio_cheating_365.jpg,audio_cheating
c:\Users\DELL\Desktop\sentinel-ai\sentinel-ai\experiments\dataset\images\impersonation\impersonation_366.jpg,impersonation
c:\Users\DELL\Desktop\sentinel-ai\sentinel-ai\experiments\dataset\images\book_usage\book_usage_367.jpg,book_usage
c:\Users\DELL\Desktop\sentinel-ai\sentinel-ai\experiments\dataset\images\phone_usage\phone_usage_368.jpg,phone_usage
c:\Users\DELL\Desktop\sentinel-ai\sentinel-ai\experiments\dataset\images\normal\normal_369.jpg,normal
c:\Users\DELL\Desktop\sentinel-ai\sentinel-ai\experiments\dataset\images\normal\normal_370.jpg,normal
c:\Users\DELL\Desktop\sentinel-ai\sentinel-ai\experiments\dataset\images\phone_usage\phone_usage_371.jpg,phone_usage
c:\Users\DELL\Desktop\sentinel-ai\sentinel-ai\experiments\dataset\images\no_face\no_face_372.jpg,no_face
c:\Users\DELL\Desktop\sentinel-ai\sentinel-ai\experiments\dataset\images\obstruction\obstruction_373.jpg,obstruction
c:\Users\DELL\Desktop\sentinel-ai\sentinel-ai\experiments\dataset\images\obstruction\obstruction_374.jpg,obstruction
c:\Users\DELL\Desktop\sentinel-ai\sentinel-ai\experiments\dataset\images\looking_away\looking_away_375.jpg,looking_away
c:\Users\DELL\Desktop\sentinel-ai\sentinel-ai\experiments\dataset\images\phone_usage\phone_usage_376.jpg,phone_usage
c:\Users\DELL\Desktop\sentinel-ai\sentinel-ai\experiments\dataset\images\tab_switch\tab_switch_377.jpg,tab_switch
c:\Users\DELL\Desktop\sentinel-ai\sentinel-ai\experiments\dataset\images\tab_switch\tab_switch_378.jpg,tab_switch
c:\Users\DELL\Desktop\sentinel-ai\sentinel-ai\experiments\dataset\images\looking_away\looking_away_379.jpg,looking_away
c:\Users\DELL\Desktop\sentinel-ai\sentinel-ai\experiments\dataset\images\audio_cheating\audio_cheating_380.jpg,audio_cheating
c:\Users\DELL\Desktop\sentinel-ai\sentinel-ai\experiments\dataset\images\no_face\no_face_381.jpg,no_face
c:\Users\DELL\Desktop\sentinel-ai\sentinel-ai\experiments\dataset\images\audio_cheating\audio_cheating_382.jpg,audio_cheating
c:\Users\DELL\Desktop\sentinel-ai\sentinel-ai\experiments\dataset\images\audio_cheating\audio_cheating_383.jpg,audio_cheating
c:\Users\DELL\Desktop\sentinel-ai\sentinel-ai\experiments\dataset\images\normal\normal_384.jpg,normal
c:\Users\DELL\Desktop\sentinel-ai\sentinel-ai\experiments\dataset\images\audio_cheating\audio_cheating_385.jpg,audio_cheating
c:\Users\DELL\Desktop\sentinel-ai\sentinel-ai\experiments\dataset\images\obstruction\obstruction_386.jpg,obstruction
c:\Users\DELL\Desktop\sentinel-ai\sentinel-ai\experiments\dataset\images\multiple_faces\multiple_faces_387.jpg,multiple_faces
c:\Users\DELL\Desktop\sentinel-ai\sentinel-ai\experiments\dataset\images\normal\normal_388.jpg,normal
c:\Users\DELL\Desktop\sentinel-ai\sentinel-ai\experiments\dataset\images\audio_cheating\audio_cheating_389.jpg,audio_cheating
c:\Users\DELL\Desktop\sentinel-ai\sentinel-ai\experiments\dataset\images\normal\normal_390.jpg,normal
c:\Users\DELL\Desktop\sentinel-ai\sentinel-ai\experiments\dataset\images\impersonation\impersonation_391.jpg,impersonation
c:\Users\DELL\Desktop\sentinel-ai\sentinel-ai\experiments\dataset\images\normal\normal_392.jpg,normal
c:\Users\DELL\Desktop\sentinel-ai\sentinel-ai\experiments\dataset\images\book_usage\book_usage_393.jpg,book_usage
c:\Users\DELL\Desktop\sentinel-ai\sentinel-ai\experiments\dataset\images\multiple_faces\multiple_faces_394.jpg,multiple_faces
c:\Users\DELL\Desktop\sentinel-ai\sentinel-ai\experiments\dataset\images\phone_usage\phone_usage_395.jpg,phone_usage
c:\Users\DELL\Desktop\sentinel-ai\sentinel-ai\experiments\dataset\images\book_usage\book_usage_396.jpg,book_usage
c:\Users\DELL\Desktop\sentinel-ai\sentinel-ai\experiments\dataset\images\book_usage\book_usage_397.jpg,book_usage
c:\Users\DELL\Desktop\sentinel-ai\sentinel-ai\experiments\dataset\images\phone_usage\phone_usage_398.jpg,phone_usage
c:\Users\DELL\Desktop\sentinel-ai\sentinel-ai\experiments\dataset\images\book_usage\book_usage_399.jpg,book_usage
c:\Users\DELL\Desktop\sentinel-ai\sentinel-ai\experiments\dataset\images\normal\normal_400.jpg,normal
c:\Users\DELL\Desktop\sentinel-ai\sentinel-ai\experiments\dataset\images\book_usage\book_usage_401.jpg,book_usage
c:\Users\DELL\Desktop\sentinel-ai\sentinel-ai\experiments\dataset\images\multiple_faces\multiple_faces_402.jpg,multiple_faces
c:\Users\DELL\Desktop\sentinel-ai\sentinel-ai\experiments\dataset\images\book_usage\book_usage_403.jpg,book_usage
c:\Users\DELL\Desktop\sentinel-ai\sentinel-ai\experiments\dataset\images\phone_usage\phone_usage_404.jpg,phone_usage
c:\Users\DELL\Desktop\sentinel-ai\sentinel-ai\experiments\dataset\images\multiple_faces\multiple_faces_405.jpg,multiple_faces
c:\Users\DELL\Desktop\sentinel-ai\sentinel-ai\experiments\dataset\images\tab_switch\tab_switch_406.jpg,tab_switch
c:\Users\DELL\Desktop\sentinel-ai\sentinel-ai\experiments\dataset\images\tab_switch\tab_switch_407.jpg,tab_switch
c:\Users\DELL\Desktop\sentinel-ai\sentinel-ai\experiments\dataset\images\audio_cheating\audio_cheating_408.jpg,audio_cheating
c:\Users\DELL\Desktop\sentinel-ai\sentinel-ai\experiments\dataset\images\phone_usage\phone_usage_409.jpg,phone_usage
c:\Users\DELL\Desktop\sentinel-ai\sentinel-ai\experiments\dataset\images\phone_usage\phone_usage_410.jpg,phone_usage
c:\Users\DELL\Desktop\sentinel-ai\sentinel-ai\experiments\dataset\images\phone_usage\phone_usage_411.jpg,phone_usage
c:\Users\DELL\Desktop\sentinel-ai\sentinel-ai\experiments\dataset\images\phone_usage\phone_usage_412.jpg,phone_usage
c:\Users\DELL\Desktop\sentinel-ai\sentinel-ai\experiments\dataset\images\no_face\no_face_413.jpg,no_face
c:\Users\DELL\Desktop\sentinel-ai\sentinel-ai\experiments\dataset\images\book_usage\book_usage_414.jpg,book_usage
c:\Users\DELL\Desktop\sentinel-ai\sentinel-ai\experiments\dataset\images\impersonation\impersonation_415.jpg,impersonation
c:\Users\DELL\Desktop\sentinel-ai\sentinel-ai\experiments\dataset\images\phone_usage\phone_usage_416.jpg,phone_usage
c:\Users\DELL\Desktop\sentinel-ai\sentinel-ai\experiments\dataset\images\looking_away\looking_away_417.jpg,looking_away
c:\Users\DELL\Desktop\sentinel-ai\sentinel-ai\experiments\dataset\images\impersonation\impersonation_418.jpg,impersonation
c:\Users\DELL\Desktop\sentinel-ai\sentinel-ai\experiments\dataset\images\obstruction\obstruction_419.jpg,obstruction
c:\Users\DELL\Desktop\sentinel-ai\sentinel-ai\experiments\dataset\images\impersonation\impersonation_420.jpg,impersonation
c:\Users\DELL\Desktop\sentinel-ai\sentinel-ai\experiments\dataset\images\multiple_faces\multiple_faces_421.jpg,multiple_faces
c:\Users\DELL\Desktop\sentinel-ai\sentinel-ai\experiments\dataset\images\multiple_faces\multiple_faces_422.jpg,multiple_faces
c:\Users\DELL\Desktop\sentinel-ai\sentinel-ai\experiments\dataset\images\impersonation\impersonation_423.jpg,impersonation
c:\Users\DELL\Desktop\sentinel-ai\sentinel-ai\experiments\dataset\images\obstruction\obstruction_424.jpg,obstruction
c:\Users\DELL\Desktop\sentinel-ai\sentinel-ai\experiments\dataset\images\normal\normal_425.jpg,normal
c:\Users\DELL\Desktop\sentinel-ai\sentinel-ai\experiments\dataset\images\audio_cheating\audio_cheating_426.jpg,audio_cheating
c:\Users\DELL\Desktop\sentinel-ai\sentinel-ai\experiments\dataset\images\book_usage\book_usage_427.jpg,book_usage
c:\Users\DELL\Desktop\sentinel-ai\sentinel-ai\experiments\dataset\images\phone_usage\phone_usage_428.jpg,phone_usage
c:\Users\DELL\Desktop\sentinel-ai\sentinel-ai\experiments\dataset\images\normal\normal_429.jpg,normal
c:\Users\DELL\Desktop\sentinel-ai\sentinel-ai\experiments\dataset\images\looking_away\looking_away_430.jpg,looking_away
c:\Users\DELL\Desktop\sentinel-ai\sentinel-ai\experiments\dataset\images\obstruction\obstruction_431.jpg,obstruction
c:\Users\DELL\Desktop\sentinel-ai\sentinel-ai\experiments\dataset\images\audio_cheating\audio_cheating_432.jpg,audio_cheating
c:\Users\DELL\Desktop\sentinel-ai\sentinel-ai\experiments\dataset\images\obstruction\obstruction_433.jpg,obstruction
c:\Users\DELL\Desktop\sentinel-ai\sentinel-ai\experiments\dataset\images\book_usage\book_usage_434.jpg,book_usage
c:\Users\DELL\Desktop\sentinel-ai\sentinel-ai\experiments\dataset\images\looking_away\looking_away_435.jpg,looking_away
c:\Users\DELL\Desktop\sentinel-ai\sentinel-ai\experiments\dataset\images\impersonation\impersonation_436.jpg,impersonation
c:\Users\DELL\Desktop\sentinel-ai\sentinel-ai\experiments\dataset\images\audio_cheating\audio_cheating_437.jpg,audio_cheating
c:\Users\DELL\Desktop\sentinel-ai\sentinel-ai\experiments\dataset\images\normal\normal_438.jpg,normal
c:\Users\DELL\Desktop\sentinel-ai\sentinel-ai\experiments\dataset\images\multiple_faces\multiple_faces_439.jpg,multiple_faces
c:\Users\DELL\Desktop\sentinel-ai\sentinel-ai\experiments\dataset\images\looking_away\looking_away_440.jpg,looking_away
c:\Users\DELL\Desktop\sentinel-ai\sentinel-ai\experiments\dataset\images\phone_usage\phone_usage_441.jpg,phone_usage
c:\Users\DELL\Desktop\sentinel-ai\sentinel-ai\experiments\dataset\images\audio_cheating\audio_cheating_442.jpg,audio_cheating
c:\Users\DELL\Desktop\sentinel-ai\sentinel-ai\experiments\dataset\images\tab_switch\tab_switch_443.jpg,tab_switch
c:\Users\DELL\Desktop\sentinel-ai\sentinel-ai\experiments\dataset\images\book_usage\book_usage_444.jpg,book_usage
c:\Users\DELL\Desktop\sentinel-ai\sentinel-ai\experiments\dataset\images\looking_away\looking_away_445.jpg,looking_away
c:\Users\DELL\Desktop\sentinel-ai\sentinel-ai\experiments\dataset\images\impersonation\impersonation_446.jpg,impersonation
c:\Users\DELL\Desktop\sentinel-ai\sentinel-ai\experiments\dataset\images\no_face\no_face_447.jpg,no_face
c:\Users\DELL\Desktop\sentinel-ai\sentinel-ai\experiments\dataset\images\no_face\no_face_448.jpg,no_face
c:\Users\DELL\Desktop\sentinel-ai\sentinel-ai\experiments\dataset\images\tab_switch\tab_switch_449.jpg,tab_switch
c:\Users\DELL\Desktop\sentinel-ai\sentinel-ai\experiments\dataset\images\obstruction\obstruction_450.jpg,obstruction
c:\Users\DELL\Desktop\sentinel-ai\sentinel-ai\experiments\dataset\images\phone_usage\phone_usage_451.jpg,phone_usage
c:\Users\DELL\Desktop\sentinel-ai\sentinel-ai\experiments\dataset\images\multiple_faces\multiple_faces_452.jpg,multiple_faces
c:\Users\DELL\Desktop\sentinel-ai\sentinel-ai\experiments\dataset\images\no_face\no_face_453.jpg,no_face
c:\Users\DELL\Desktop\sentinel-ai\sentinel-ai\experiments\dataset\images\tab_switch\tab_switch_454.jpg,tab_switch
c:\Users\DELL\Desktop\sentinel-ai\sentinel-ai\experiments\dataset\images\normal\normal_455.jpg,normal
c:\Users\DELL\Desktop\sentinel-ai\sentinel-ai\experiments\dataset\images\obstruction\obstruction_456.jpg,obstruction
c:\Users\DELL\Desktop\sentinel-ai\sentinel-ai\experiments\dataset\images\normal\normal_457.jpg,normal
c:\Users\DELL\Desktop\sentinel-ai\sentinel-ai\experiments\dataset\images\multiple_faces\multiple_faces_458.jpg,multiple_faces
c:\Users\DELL\Desktop\sentinel-ai\sentinel-ai\experiments\dataset\images\normal\normal_459.jpg,normal
c:\Users\DELL\Desktop\sentinel-ai\sentinel-ai\experiments\dataset\images\multiple_faces\multiple_faces_460.jpg,multiple_faces
c:\Users\DELL\Desktop\sentinel-ai\sentinel-ai\experiments\dataset\images\phone_usage\phone_usage_461.jpg,phone_usage
c:\Users\DELL\Desktop\sentinel-ai\sentinel-ai\experiments\dataset\images\book_usage\book_usage_462.jpg,book_usage
c:\Users\DELL\Desktop\sentinel-ai\sentinel-ai\experiments\dataset\images\looking_away\looking_away_463.jpg,looking_away
c:\Users\DELL\Desktop\sentinel-ai\sentinel-ai\experiments\dataset\images\audio_cheating\audio_cheating_464.jpg,audio_cheating
c:\Users\DELL\Desktop\sentinel-ai\sentinel-ai\experiments\dataset\images\tab_switch\tab_switch_465.jpg,tab_switch
c:\Users\DELL\Desktop\sentinel-ai\sentinel-ai\experiments\dataset\images\normal\normal_466.jpg,normal
c:\Users\DELL\Desktop\sentinel-ai\sentinel-ai\experiments\dataset\images\obstruction\obstruction_467.jpg,obstruction
c:\Users\DELL\Desktop\sentinel-ai\sentinel-ai\experiments\dataset\images\no_face\no_face_468.jpg,no_face
c:\Users\DELL\Desktop\sentinel-ai\sentinel-ai\experiments\dataset\images\no_face\no_face_469.jpg,no_face
c:\Users\DELL\Desktop\sentinel-ai\sentinel-ai\experiments\dataset\images\multiple_faces\multiple_faces_470.jpg,multiple_faces
c:\Users\DELL\Desktop\sentinel-ai\sentinel-ai\experiments\dataset\images\book_usage\book_usage_471.jpg,book_usage
c:\Users\DELL\Desktop\sentinel-ai\sentinel-ai\experiments\dataset\images\book_usage\book_usage_472.jpg,book_usage
c:\Users\DELL\Desktop\sentinel-ai\sentinel-ai\experiments\dataset\images\book_usage\book_usage_473.jpg,book_usage
c:\Users\DELL\Desktop\sentinel-ai\sentinel-ai\experiments\dataset\images\audio_cheating\audio_cheating_474.jpg,audio_cheating
c:\Users\DELL\Desktop\sentinel-ai\sentinel-ai\experiments\dataset\images\multiple_faces\multiple_faces_475.jpg,multiple_faces
c:\Users\DELL\Desktop\sentinel-ai\sentinel-ai\experiments\dataset\images\obstruction\obstruction_476.jpg,obstruction
c:\Users\DELL\Desktop\sentinel-ai\sentinel-ai\experiments\dataset\images\normal\normal_477.jpg,normal
c:\Users\DELL\Desktop\sentinel-ai\sentinel-ai\experiments\dataset\images\multiple_faces\multiple_faces_478.jpg,multiple_faces
c:\Users\DELL\Desktop\sentinel-ai\sentinel-ai\experiments\dataset\images\looking_away\looking_away_479.jpg,looking_away
c:\Users\DELL\Desktop\sentinel-ai\sentinel-ai\experiments\dataset\images\phone_usage\phone_usage_480.jpg,phone_usage
c:\Users\DELL\Desktop\sentinel-ai\sentinel-ai\experiments\dataset\images\impersonation\impersonation_481.jpg,impersonation
c:\Users\DELL\Desktop\sentinel-ai\sentinel-ai\experiments\dataset\images\book_usage\book_usage_482.jpg,book_usage
c:\Users\DELL\Desktop\sentinel-ai\sentinel-ai\experiments\dataset\images\multiple_faces\multiple_faces_483.jpg,multiple_faces
c:\Users\DELL\Desktop\sentinel-ai\sentinel-ai\experiments\dataset\images\impersonation\impersonation_484.jpg,impersonation
c:\Users\DELL\Desktop\sentinel-ai\sentinel-ai\experiments\dataset\images\normal\normal_485.jpg,normal
c:\Users\DELL\Desktop\sentinel-ai\sentinel-ai\experiments\dataset\images\no_face\no_face_486.jpg,no_face
c:\Users\DELL\Desktop\sentinel-ai\sentinel-ai\experiments\dataset\images\impersonation\impersonation_487.jpg,impersonation
c:\Users\DELL\Desktop\sentinel-ai\sentinel-ai\experiments\dataset\images\no_face\no_face_488.jpg,no_face
c:\Users\DELL\Desktop\sentinel-ai\sentinel-ai\experiments\dataset\images\phone_usage\phone_usage_489.jpg,phone_usage
c:\Users\DELL\Desktop\sentinel-ai\sentinel-ai\experiments\dataset\images\tab_switch\tab_switch_490.jpg,tab_switch
c:\Users\DELL\Desktop\sentinel-ai\sentinel-ai\experiments\dataset\images\no_face\no_face_491.jpg,no_face
c:\Users\DELL\Desktop\sentinel-ai\sentinel-ai\experiments\dataset\images\obstruction\obstruction_492.jpg,obstruction
c:\Users\DELL\Desktop\sentinel-ai\sentinel-ai\experiments\dataset\images\obstruction\obstruction_493.jpg,obstruction
c:\Users\DELL\Desktop\sentinel-ai\sentinel-ai\experiments\dataset\images\obstruction\obstruction_494.jpg,obstruction
c:\Users\DELL\Desktop\sentinel-ai\sentinel-ai\experiments\dataset\images\book_usage\book_usage_495.jpg,book_usage
c:\Users\DELL\Desktop\sentinel-ai\sentinel-ai\experiments\dataset\images\obstruction\obstruction_496.jpg,obstruction
c:\Users\DELL\Desktop\sentinel-ai\sentinel-ai\experiments\dataset\images\no_face\no_face_497.jpg,no_face
c:\Users\DELL\Desktop\sentinel-ai\sentinel-ai\experiments\dataset\images\multiple_faces\multiple_faces_498.jpg,multiple_faces
c:\Users\DELL\Desktop\sentinel-ai\sentinel-ai\experiments\dataset\images\book_usage\book_usage_499.jpg,book_usage
